<?xml version="1.0" encoding="UTF-8"?>

<!-- generated on 03/13/19 22:25:53 by Eclipse SUMO Version 1.1.0
<configuration xmlns:xsi="http://www.w3.org/2001/XMLSchema-instance" xsi:noNamespaceSchemaLocation="http://sumo.dlr.de/xsd/sumoConfiguration.xsd">

    <input>
        <net-file value="data/map.net.xml"/>
        <route-files value="data/map.rou.xml"/>
        <additional-files value="data/map.det.xml"/>
    </input>

    <output>
        <tripinfo-output value="data/tripinfo.xml"/>
    </output>

    <time>
        <begin value="0"/>
    </time>

    <processing>
        <time-to-teleport value="-1"/>
    </processing>

    <report>
        <verbose value="false"/>
        <no-warnings value="true"/>
        <no-step-log value="true"/>
    </report>

    <traci_server>
        <remote-port value="52071"/>
    </traci_server>

    <gui_only>
        <gui-settings-file value="data/customGUISettings.xml"/>
        <start value="true"/>
    </gui_only>

</configuration>
-->

<tripinfos xmlns:xsi="http://www.w3.org/2001/XMLSchema-instance" xsi:noNamespaceSchemaLocation="http://sumo.dlr.de/xsd/tripinfo_file.xsd">
    <tripinfo id="right_1" depart="2.00" departLane="393627613_0" departPos="4.30" departSpeed="0.00" departDelay="0.00" arrival="48.00" arrivalLane="393645137_0" arrivalPos="291.20" arrivalSpeed="15.69" duration="46.00" routeLength="635.85" waitingTime="0.00" waitingCount="0" stopTime="0.00" timeLoss="6.50" rerouteNo="0" devices="tripinfo_right_1" vType="fast" speedFactor="0.94" vaporized=""/>
    <tripinfo id="left_12" depart="13.00" departLane="393645138_0" departPos="5.60" departSpeed="0.00" departDelay="2.00" arrival="62.00" arrivalLane="393625777_1" arrivalPos="296.14" arrivalSpeed="13.89" duration="49.00" routeLength="655.76" waitingTime="0.00" waitingCount="0" stopTime="0.00" timeLoss="4.86" rerouteNo="0" devices="tripinfo_left_12" vType="slow" speedFactor="1.05" vaporized=""/>
    <tripinfo id="through_3" depart="4.00" departLane="393627613_0" departPos="4.30" departSpeed="0.00" departDelay="1.00" arrival="65.00" arrivalLane="393625777_0" arrivalPos="296.14" arrivalSpeed="16.10" duration="61.00" routeLength="618.94" waitingTime="12.00" waitingCount="1" stopTime="0.00" timeLoss="21.85" rerouteNo="0" devices="tripinfo_through_3" vType="fast" speedFactor="1.08" vaporized=""/>
    <tripinfo id="through_18" depart="17.00" departLane="-393625777_0" departPos="5.60" departSpeed="0.00" departDelay="1.00" arrival="65.00" arrivalLane="-393627613_0" arrivalPos="300.35" arrivalSpeed="14.73" duration="48.00" routeLength="618.27" waitingTime="0.00" waitingCount="0" stopTime="0.00" timeLoss="6.32" rerouteNo="0" devices="tripinfo_through_18" vType="slow" speedFactor="0.94" vaporized=""/>
    <tripinfo id="through_5" depart="7.00" departLane="393627613_0" departPos="4.90" departSpeed="0.00" departDelay="2.00" arrival="66.00" arrivalLane="393625777_0" arrivalPos="296.14" arrivalSpeed="13.46" duration="59.00" routeLength="618.34" waitingTime="8.00" waitingCount="1" stopTime="0.00" timeLoss="17.21" rerouteNo="0" devices="tripinfo_through_5" vType="norm" speedFactor="0.83" vaporized=""/>
    <tripinfo id="through_20" depart="22.00" departLane="393627613_0" departPos="4.30" departSpeed="0.00" departDelay="5.00" arrival="66.00" arrivalLane="393625777_1" arrivalPos="296.14" arrivalSpeed="15.68" duration="44.00" routeLength="618.94" waitingTime="0.00" waitingCount="0" stopTime="0.00" timeLoss="5.60" rerouteNo="0" devices="tripinfo_through_20" vType="fast" speedFactor="1.02" vaporized=""/>
    <tripinfo id="through_14" depart="16.00" departLane="393627613_0" departPos="5.60" departSpeed="0.00" departDelay="5.00" arrival="68.00" arrivalLane="393625777_0" arrivalPos="296.14" arrivalSpeed="14.32" duration="52.00" routeLength="617.64" waitingTime="0.00" waitingCount="0" stopTime="0.00" timeLoss="10.67" rerouteNo="0" devices="tripinfo_through_14" vType="slow" speedFactor="0.99" vaporized=""/>
    <tripinfo id="right_24" depart="20.00" departLane="-393625777_0" departPos="4.90" departSpeed="0.00" departDelay="0.00" arrival="69.00" arrivalLane="-393645138_0" arrivalPos="300.77" arrivalSpeed="15.49" duration="49.00" routeLength="641.55" waitingTime="0.00" waitingCount="0" stopTime="0.00" timeLoss="6.27" rerouteNo="0" devices="tripinfo_right_24" vType="norm" speedFactor="0.83" vaporized=""/>
    <tripinfo id="through_19" depart="19.00" departLane="393627613_0" departPos="5.60" departSpeed="0.00" departDelay="3.00" arrival="70.00" arrivalLane="393625777_0" arrivalPos="296.14" arrivalSpeed="14.47" duration="51.00" routeLength="617.64" waitingTime="0.00" waitingCount="0" stopTime="0.00" timeLoss="9.50" rerouteNo="0" devices="tripinfo_through_19" vType="slow" speedFactor="1.16" vaporized=""/>
    <tripinfo id="through_29" depart="25.00" departLane="-393625777_0" departPos="4.90" departSpeed="0.00" departDelay="0.00" arrival="70.00" arrivalLane="-393627613_0" arrivalPos="300.35" arrivalSpeed="14.33" duration="45.00" routeLength="618.97" waitingTime="0.00" waitingCount="0" stopTime="0.00" timeLoss="4.88" rerouteNo="0" devices="tripinfo_through_29" vType="norm" speedFactor="0.93" vaporized=""/>
    <tripinfo id="through_27" depart="27.00" departLane="393627613_0" departPos="4.30" departSpeed="0.00" departDelay="5.00" arrival="70.00" arrivalLane="393625777_1" arrivalPos="296.14" arrivalSpeed="15.16" duration="43.00" routeLength="618.94" waitingTime="0.00" waitingCount="0" stopTime="0.00" timeLoss="4.51" rerouteNo="0" devices="tripinfo_through_27" vType="fast" speedFactor="0.95" vaporized=""/>
    <tripinfo id="through_30" depart="29.00" departLane="393627613_0" departPos="4.90" departSpeed="0.00" departDelay="4.00" arrival="75.00" arrivalLane="393625777_0" arrivalPos="296.14" arrivalSpeed="14.35" duration="46.00" routeLength="618.34" waitingTime="0.00" waitingCount="0" stopTime="0.00" timeLoss="5.70" rerouteNo="0" devices="tripinfo_through_30" vType="norm" speedFactor="1.18" vaporized=""/>
    <tripinfo id="through_38" depart="33.00" departLane="393627613_0" departPos="4.30" departSpeed="0.00" departDelay="0.00" arrival="77.00" arrivalLane="393625777_0" arrivalPos="296.14" arrivalSpeed="15.68" duration="44.00" routeLength="618.94" waitingTime="0.00" waitingCount="0" stopTime="0.00" timeLoss="5.18" rerouteNo="0" devices="tripinfo_through_38" vType="fast" speedFactor="1.10" vaporized=""/>
    <tripinfo id="through_40" depart="35.00" departLane="393627613_0" departPos="4.30" departSpeed="0.00" departDelay="1.00" arrival="80.00" arrivalLane="393625777_0" arrivalPos="296.14" arrivalSpeed="15.61" duration="45.00" routeLength="618.94" waitingTime="1.00" waitingCount="1" stopTime="0.00" timeLoss="5.94" rerouteNo="0" devices="tripinfo_through_40" vType="fast" speedFactor="1.03" vaporized=""/>
    <tripinfo id="left_17" depart="15.00" departLane="-393625777_0" departPos="4.90" departSpeed="0.00" departDelay="0.00" arrival="88.00" arrivalLane="393645137_0" arrivalPos="291.20" arrivalSpeed="14.20" duration="73.00" routeLength="644.94" waitingTime="22.00" waitingCount="1" stopTime="0.00" timeLoss="31.15" rerouteNo="0" devices="tripinfo_left_17" vType="norm" speedFactor="0.94" vaporized=""/>
    <tripinfo id="left_37" depart="33.00" departLane="-393625777_0" departPos="4.30" departSpeed="0.00" departDelay="0.00" arrival="90.00" arrivalLane="393645137_1" arrivalPos="291.20" arrivalSpeed="15.10" duration="57.00" routeLength="645.54" waitingTime="3.00" waitingCount="1" stopTime="0.00" timeLoss="16.40" rerouteNo="0" devices="tripinfo_left_37" vType="fast" speedFactor="1.18" vaporized=""/>
    <tripinfo id="right_46" depart="41.00" departLane="-393625777_0" departPos="5.60" departSpeed="0.00" departDelay="0.00" arrival="91.00" arrivalLane="-393645138_0" arrivalPos="300.77" arrivalSpeed="14.34" duration="50.00" routeLength="640.85" waitingTime="0.00" waitingCount="0" stopTime="0.00" timeLoss="7.11" rerouteNo="0" devices="tripinfo_right_46" vType="slow" speedFactor="1.00" vaporized=""/>
    <tripinfo id="right_49" depart="44.00" departLane="-393625777_0" departPos="4.30" departSpeed="0.00" departDelay="2.00" arrival="92.00" arrivalLane="-393645138_1" arrivalPos="300.77" arrivalSpeed="15.77" duration="48.00" routeLength="642.15" waitingTime="0.00" waitingCount="0" stopTime="0.00" timeLoss="6.96" rerouteNo="0" devices="tripinfo_right_49" vType="fast" speedFactor="0.85" vaporized=""/>
    <tripinfo id="left_9" depart="10.00" departLane="393627613_0" departPos="4.30" departSpeed="0.00" departDelay="1.00" arrival="95.00" arrivalLane="-393645138_0" arrivalPos="300.77" arrivalSpeed="16.08" duration="85.00" routeLength="659.29" waitingTime="28.00" waitingCount="2" stopTime="0.00" timeLoss="42.64" rerouteNo="0" devices="tripinfo_left_9" vType="fast" speedFactor="0.86" vaporized=""/>
    <tripinfo id="right_64" depart="54.00" departLane="-393625777_0" departPos="4.30" departSpeed="0.00" departDelay="0.00" arrival="100.00" arrivalLane="-393645138_0" arrivalPos="300.77" arrivalSpeed="14.79" duration="46.00" routeLength="642.15" waitingTime="0.00" waitingCount="0" stopTime="0.00" timeLoss="5.78" rerouteNo="0" devices="tripinfo_right_64" vType="fast" speedFactor="0.94" vaporized=""/>
    <tripinfo id="left_22" depart="24.00" departLane="393627613_0" departPos="4.30" departSpeed="0.00" departDelay="6.00" arrival="105.00" arrivalLane="-393645138_1" arrivalPos="300.77" arrivalSpeed="15.60" duration="81.00" routeLength="659.29" waitingTime="18.00" waitingCount="2" stopTime="0.00" timeLoss="40.28" rerouteNo="0" devices="tripinfo_left_22" vType="fast" speedFactor="0.98" vaporized=""/>
    <tripinfo id="left_13" depart="13.00" departLane="393627613_0" departPos="5.60" departSpeed="0.00" departDelay="2.00" arrival="105.00" arrivalLane="-393645138_0" arrivalPos="300.77" arrivalSpeed="14.95" duration="92.00" routeLength="657.99" waitingTime="27.00" waitingCount="3" stopTime="0.00" timeLoss="47.41" rerouteNo="0" devices="tripinfo_left_13" vType="slow" speedFactor="1.12" vaporized=""/>
    <tripinfo id="left_91" depart="75.00" departLane="-393625777_0" departPos="4.90" departSpeed="0.00" departDelay="0.00" arrival="122.00" arrivalLane="393645137_0" arrivalPos="291.20" arrivalSpeed="14.63" duration="47.00" routeLength="644.94" waitingTime="0.00" waitingCount="0" stopTime="0.00" timeLoss="5.45" rerouteNo="0" devices="tripinfo_left_91" vType="norm" speedFactor="0.89" vaporized=""/>
    <tripinfo id="left_31" depart="28.00" departLane="393645138_0" departPos="4.30" departSpeed="0.00" departDelay="1.00" arrival="125.00" arrivalLane="393625777_1" arrivalPos="296.14" arrivalSpeed="14.99" duration="97.00" routeLength="657.06" waitingTime="46.00" waitingCount="1" stopTime="0.00" timeLoss="55.78" rerouteNo="0" devices="tripinfo_left_31" vType="fast" speedFactor="1.15" vaporized=""/>
    <tripinfo id="left_25" depart="21.00" departLane="-393645137_0" departPos="5.60" departSpeed="0.00" departDelay="0.00" arrival="127.00" arrivalLane="-393627613_1" arrivalPos="300.35" arrivalSpeed="14.84" duration="106.00" routeLength="648.88" waitingTime="51.00" waitingCount="1" stopTime="0.00" timeLoss="62.56" rerouteNo="0" devices="tripinfo_left_25" vType="slow" speedFactor="0.87" vaporized=""/>
    <tripinfo id="left_33" depart="33.00" departLane="393645138_0" departPos="4.90" departSpeed="0.00" departDelay="3.00" arrival="128.00" arrivalLane="393625777_1" arrivalPos="296.14" arrivalSpeed="15.14" duration="95.00" routeLength="656.46" waitingTime="41.00" waitingCount="1" stopTime="0.00" timeLoss="52.33" rerouteNo="0" devices="tripinfo_left_33" vType="norm" speedFactor="1.17" vaporized=""/>
    <tripinfo id="left_66" depart="56.00" departLane="-393645137_0" departPos="4.90" departSpeed="0.00" departDelay="1.00" arrival="129.00" arrivalLane="-393627613_1" arrivalPos="300.35" arrivalSpeed="15.25" duration="73.00" routeLength="649.58" waitingTime="20.00" waitingCount="1" stopTime="0.00" timeLoss="30.99" rerouteNo="0" devices="tripinfo_left_66" vType="norm" speedFactor="0.91" vaporized=""/>
    <tripinfo id="left_41" depart="44.00" departLane="393645138_0" departPos="5.60" departSpeed="0.00" departDelay="8.00" arrival="130.00" arrivalLane="393625777_1" arrivalPos="296.14" arrivalSpeed="14.77" duration="86.00" routeLength="655.76" waitingTime="30.00" waitingCount="1" stopTime="0.00" timeLoss="42.09" rerouteNo="0" devices="tripinfo_left_41" vType="slow" speedFactor="0.96" vaporized=""/>
    <tripinfo id="left_72" depart="61.00" departLane="-393645137_0" departPos="4.90" departSpeed="0.00" departDelay="1.00" arrival="131.00" arrivalLane="-393627613_1" arrivalPos="300.35" arrivalSpeed="14.03" duration="70.00" routeLength="649.58" waitingTime="14.00" waitingCount="1" stopTime="0.00" timeLoss="27.86" rerouteNo="0" devices="tripinfo_left_72" vType="norm" speedFactor="0.94" vaporized=""/>
    <tripinfo id="left_87" depart="73.00" departLane="-393645137_0" departPos="4.30" departSpeed="0.00" departDelay="0.00" arrival="133.00" arrivalLane="-393627613_1" arrivalPos="300.35" arrivalSpeed="14.98" duration="60.00" routeLength="650.18" waitingTime="4.00" waitingCount="1" stopTime="0.00" timeLoss="19.14" rerouteNo="0" devices="tripinfo_left_87" vType="fast" speedFactor="1.04" vaporized=""/>
    <tripinfo id="through_44" depart="41.00" departLane="393627613_0" departPos="4.90" departSpeed="0.00" departDelay="1.00" arrival="185.00" arrivalLane="393625777_1" arrivalPos="296.14" arrivalSpeed="15.22" duration="144.00" routeLength="618.34" waitingTime="95.00" waitingCount="1" stopTime="0.00" timeLoss="104.06" rerouteNo="0" devices="tripinfo_through_44" vType="norm" speedFactor="1.04" vaporized=""/>
    <tripinfo id="through_58" depart="48.00" departLane="-393625777_0" departPos="4.30" departSpeed="0.00" departDelay="0.00" arrival="185.00" arrivalLane="-393627613_0" arrivalPos="300.35" arrivalSpeed="14.80" duration="137.00" routeLength="619.57" waitingTime="88.00" waitingCount="1" stopTime="0.00" timeLoss="98.30" rerouteNo="0" devices="tripinfo_through_58" vType="fast" speedFactor="1.02" vaporized=""/>
    <tripinfo id="through_42" depart="38.00" departLane="393627613_0" departPos="4.30" departSpeed="0.00" departDelay="0.00" arrival="185.00" arrivalLane="393625777_0" arrivalPos="296.14" arrivalSpeed="15.41" duration="147.00" routeLength="618.94" waitingTime="98.00" waitingCount="1" stopTime="0.00" timeLoss="107.94" rerouteNo="0" devices="tripinfo_through_42" vType="fast" speedFactor="1.09" vaporized=""/>
    <tripinfo id="through_74" depart="61.00" departLane="-393625777_0" departPos="5.60" departSpeed="0.00" departDelay="0.00" arrival="186.00" arrivalLane="-393627613_1" arrivalPos="300.35" arrivalSpeed="13.85" duration="125.00" routeLength="618.27" waitingTime="74.00" waitingCount="1" stopTime="0.00" timeLoss="83.77" rerouteNo="0" devices="tripinfo_through_74" vType="slow" speedFactor="0.96" vaporized=""/>
    <tripinfo id="through_77" depart="63.00" departLane="-393625777_0" departPos="4.30" departSpeed="0.00" departDelay="0.00" arrival="187.00" arrivalLane="-393627613_0" arrivalPos="300.35" arrivalSpeed="15.94" duration="124.00" routeLength="619.57" waitingTime="75.00" waitingCount="1" stopTime="0.00" timeLoss="84.94" rerouteNo="0" devices="tripinfo_through_77" vType="fast" speedFactor="0.98" vaporized=""/>
    <tripinfo id="through_82" depart="68.00" departLane="-393625777_0" departPos="4.30" departSpeed="0.00" departDelay="0.00" arrival="188.00" arrivalLane="-393627613_1" arrivalPos="300.35" arrivalSpeed="15.32" duration="120.00" routeLength="619.57" waitingTime="69.00" waitingCount="1" stopTime="0.00" timeLoss="81.46" rerouteNo="0" devices="tripinfo_through_82" vType="fast" speedFactor="1.02" vaporized=""/>
    <tripinfo id="through_50" depart="46.00" departLane="393627613_0" departPos="4.30" departSpeed="0.00" departDelay="4.00" arrival="188.00" arrivalLane="393625777_1" arrivalPos="296.14" arrivalSpeed="14.49" duration="142.00" routeLength="618.94" waitingTime="91.00" waitingCount="1" stopTime="0.00" timeLoss="100.80" rerouteNo="0" devices="tripinfo_through_50" vType="fast" speedFactor="0.85" vaporized=""/>
    <tripinfo id="through_47" depart="43.00" departLane="393627613_0" departPos="5.60" departSpeed="0.00" departDelay="2.00" arrival="188.00" arrivalLane="393625777_0" arrivalPos="296.14" arrivalSpeed="14.39" duration="145.00" routeLength="617.64" waitingTime="93.00" waitingCount="1" stopTime="0.00" timeLoss="103.10" rerouteNo="0" devices="tripinfo_through_47" vType="slow" speedFactor="0.90" vaporized=""/>
    <tripinfo id="through_59" depart="53.00" departLane="393627613_0" departPos="4.30" departSpeed="0.00" departDelay="5.00" arrival="189.00" arrivalLane="393625777_1" arrivalPos="296.14" arrivalSpeed="14.59" duration="136.00" routeLength="618.94" waitingTime="85.00" waitingCount="1" stopTime="0.00" timeLoss="97.77" rerouteNo="0" devices="tripinfo_through_59" vType="fast" speedFactor="0.97" vaporized=""/>
    <tripinfo id="through_84" depart="71.00" departLane="-393625777_0" departPos="4.90" departSpeed="0.00" departDelay="1.00" arrival="189.00" arrivalLane="-393627613_0" arrivalPos="300.35" arrivalSpeed="14.82" duration="118.00" routeLength="618.97" waitingTime="68.00" waitingCount="1" stopTime="0.00" timeLoss="78.05" rerouteNo="0" devices="tripinfo_through_84" vType="norm" speedFactor="1.15" vaporized=""/>
    <tripinfo id="through_55" depart="48.00" departLane="393627613_0" departPos="4.90" departSpeed="0.00" departDelay="3.00" arrival="189.00" arrivalLane="393625777_0" arrivalPos="296.14" arrivalSpeed="14.70" duration="141.00" routeLength="618.34" waitingTime="90.00" waitingCount="1" stopTime="0.00" timeLoss="101.35" rerouteNo="0" devices="tripinfo_through_55" vType="norm" speedFactor="1.00" vaporized=""/>
    <tripinfo id="through_89" depart="73.00" departLane="-393625777_0" departPos="4.30" departSpeed="0.00" departDelay="0.00" arrival="190.00" arrivalLane="-393627613_1" arrivalPos="300.35" arrivalSpeed="14.76" duration="117.00" routeLength="619.57" waitingTime="66.00" waitingCount="1" stopTime="0.00" timeLoss="78.22" rerouteNo="0" devices="tripinfo_through_89" vType="fast" speedFactor="1.02" vaporized=""/>
    <tripinfo id="through_65" depart="56.00" departLane="393627613_0" departPos="4.30" departSpeed="0.00" departDelay="2.00" arrival="191.00" arrivalLane="393625777_1" arrivalPos="296.14" arrivalSpeed="14.50" duration="135.00" routeLength="618.94" waitingTime="83.00" waitingCount="1" stopTime="0.00" timeLoss="95.51" rerouteNo="0" devices="tripinfo_through_65" vType="fast" speedFactor="0.88" vaporized=""/>
    <tripinfo id="right_94" depart="77.00" departLane="-393625777_0" departPos="4.30" departSpeed="0.00" departDelay="0.00" arrival="192.00" arrivalLane="-393645138_0" arrivalPos="300.77" arrivalSpeed="14.63" duration="115.00" routeLength="642.15" waitingTime="63.00" waitingCount="1" stopTime="0.00" timeLoss="74.83" rerouteNo="0" devices="tripinfo_right_94" vType="fast" speedFactor="1.09" vaporized=""/>
    <tripinfo id="through_107" depart="92.00" departLane="-393625777_0" departPos="4.30" departSpeed="0.00" departDelay="0.00" arrival="192.00" arrivalLane="-393627613_1" arrivalPos="300.35" arrivalSpeed="14.63" duration="100.00" routeLength="619.57" waitingTime="49.00" waitingCount="1" stopTime="0.00" timeLoss="60.95" rerouteNo="0" devices="tripinfo_through_107" vType="fast" speedFactor="1.03" vaporized=""/>
    <tripinfo id="through_57" depart="51.00" departLane="393627613_0" departPos="5.60" departSpeed="0.00" departDelay="5.00" arrival="192.00" arrivalLane="393625777_0" arrivalPos="296.14" arrivalSpeed="14.26" duration="141.00" routeLength="617.64" waitingTime="87.00" waitingCount="1" stopTime="0.00" timeLoss="99.42" rerouteNo="0" devices="tripinfo_through_57" vType="slow" speedFactor="1.14" vaporized=""/>
    <tripinfo id="through_116" depart="98.00" departLane="-393625777_0" departPos="4.30" departSpeed="0.00" departDelay="1.00" arrival="193.00" arrivalLane="-393627613_1" arrivalPos="300.35" arrivalSpeed="16.06" duration="95.00" routeLength="619.57" waitingTime="43.00" waitingCount="1" stopTime="0.00" timeLoss="56.54" rerouteNo="0" devices="tripinfo_through_116" vType="fast" speedFactor="1.18" vaporized=""/>
    <tripinfo id="through_69" depart="59.00" departLane="393627613_0" departPos="4.30" departSpeed="0.00" departDelay="2.00" arrival="193.00" arrivalLane="393625777_1" arrivalPos="296.14" arrivalSpeed="14.68" duration="134.00" routeLength="618.94" waitingTime="82.00" waitingCount="1" stopTime="0.00" timeLoss="95.30" rerouteNo="0" devices="tripinfo_through_69" vType="fast" speedFactor="1.02" vaporized=""/>
    <tripinfo id="through_81" depart="66.00" departLane="393627613_0" departPos="5.60" departSpeed="0.00" departDelay="0.00" arrival="194.00" arrivalLane="393625777_0" arrivalPos="296.14" arrivalSpeed="14.24" duration="128.00" routeLength="617.64" waitingTime="75.00" waitingCount="1" stopTime="0.00" timeLoss="86.21" rerouteNo="0" devices="tripinfo_through_81" vType="slow" speedFactor="1.00" vaporized=""/>
    <tripinfo id="through_118" depart="101.00" departLane="-393625777_0" departPos="4.30" departSpeed="0.00" departDelay="3.00" arrival="195.00" arrivalLane="-393627613_1" arrivalPos="300.35" arrivalSpeed="14.83" duration="94.00" routeLength="619.57" waitingTime="41.00" waitingCount="1" stopTime="0.00" timeLoss="55.41" rerouteNo="0" devices="tripinfo_through_118" vType="fast" speedFactor="0.99" vaporized=""/>
    <tripinfo id="through_85" depart="71.00" departLane="393627613_0" departPos="5.60" departSpeed="0.00" departDelay="0.00" arrival="195.00" arrivalLane="393625777_1" arrivalPos="296.14" arrivalSpeed="14.90" duration="124.00" routeLength="617.64" waitingTime="70.00" waitingCount="1" stopTime="0.00" timeLoss="82.78" rerouteNo="0" devices="tripinfo_through_85" vType="slow" speedFactor="0.98" vaporized=""/>
    <tripinfo id="right_105" depart="90.00" departLane="-393625777_0" departPos="4.90" departSpeed="0.00" departDelay="0.00" arrival="196.00" arrivalLane="-393645138_0" arrivalPos="300.77" arrivalSpeed="14.70" duration="106.00" routeLength="641.55" waitingTime="52.00" waitingCount="1" stopTime="0.00" timeLoss="64.38" rerouteNo="0" devices="tripinfo_right_105" vType="norm" speedFactor="1.07" vaporized=""/>
    <tripinfo id="through_93" depart="76.00" departLane="393627613_0" departPos="5.60" departSpeed="0.00" departDelay="0.00" arrival="196.00" arrivalLane="393625777_0" arrivalPos="296.14" arrivalSpeed="14.30" duration="120.00" routeLength="617.64" waitingTime="66.00" waitingCount="1" stopTime="0.00" timeLoss="78.11" rerouteNo="0" devices="tripinfo_through_93" vType="slow" speedFactor="0.92" vaporized=""/>
    <tripinfo id="through_122" depart="106.00" departLane="-393625777_0" departPos="5.60" departSpeed="0.00" departDelay="5.00" arrival="197.00" arrivalLane="-393627613_1" arrivalPos="300.35" arrivalSpeed="14.22" duration="91.00" routeLength="618.27" waitingTime="36.00" waitingCount="1" stopTime="0.00" timeLoss="49.72" rerouteNo="0" devices="tripinfo_through_122" vType="slow" speedFactor="1.03" vaporized=""/>
    <tripinfo id="through_95" depart="79.00" departLane="393627613_0" departPos="4.30" departSpeed="0.00" departDelay="2.00" arrival="197.00" arrivalLane="393625777_1" arrivalPos="296.14" arrivalSpeed="15.10" duration="118.00" routeLength="618.94" waitingTime="65.00" waitingCount="1" stopTime="0.00" timeLoss="79.56" rerouteNo="0" devices="tripinfo_through_95" vType="fast" speedFactor="1.06" vaporized=""/>
    <tripinfo id="through_114" depart="96.00" departLane="-393625777_0" departPos="5.60" departSpeed="0.00" departDelay="0.00" arrival="197.00" arrivalLane="-393627613_0" arrivalPos="300.35" arrivalSpeed="14.53" duration="101.00" routeLength="618.27" waitingTime="47.00" waitingCount="1" stopTime="0.00" timeLoss="59.31" rerouteNo="0" devices="tripinfo_through_114" vType="slow" speedFactor="1.10" vaporized=""/>
    <tripinfo id="through_100" depart="89.00" departLane="393627613_0" departPos="4.30" departSpeed="0.00" departDelay="7.00" arrival="199.00" arrivalLane="393625777_1" arrivalPos="296.14" arrivalSpeed="14.46" duration="110.00" routeLength="618.94" waitingTime="55.00" waitingCount="1" stopTime="0.00" timeLoss="71.25" rerouteNo="0" devices="tripinfo_through_100" vType="fast" speedFactor="1.07" vaporized=""/>
    <tripinfo id="through_121" depart="104.00" departLane="-393625777_0" departPos="4.90" departSpeed="0.00" departDelay="4.00" arrival="199.00" arrivalLane="-393627613_0" arrivalPos="300.35" arrivalSpeed="15.50" duration="95.00" routeLength="618.97" waitingTime="40.00" waitingCount="1" stopTime="0.00" timeLoss="54.59" rerouteNo="0" devices="tripinfo_through_121" vType="norm" speedFactor="1.10" vaporized=""/>
    <tripinfo id="right_98" depart="84.00" departLane="393627613_0" departPos="5.60" departSpeed="0.00" departDelay="3.00" arrival="200.00" arrivalLane="393645137_0" arrivalPos="291.20" arrivalSpeed="14.61" duration="116.00" routeLength="634.55" waitingTime="60.00" waitingCount="1" stopTime="0.00" timeLoss="72.86" rerouteNo="0" devices="tripinfo_right_98" vType="slow" speedFactor="1.12" vaporized=""/>
    <tripinfo id="through_127" depart="109.00" departLane="-393625777_0" departPos="4.30" departSpeed="0.00" departDelay="5.00" arrival="200.00" arrivalLane="-393627613_1" arrivalPos="300.35" arrivalSpeed="14.30" duration="91.00" routeLength="619.57" waitingTime="32.00" waitingCount="1" stopTime="0.00" timeLoss="48.30" rerouteNo="0" devices="tripinfo_through_127" vType="fast" speedFactor="0.82" vaporized=""/>
    <tripinfo id="through_110" depart="94.00" departLane="393627613_0" departPos="4.30" departSpeed="0.00" departDelay="1.00" arrival="201.00" arrivalLane="393625777_1" arrivalPos="296.14" arrivalSpeed="15.90" duration="107.00" routeLength="618.94" waitingTime="53.00" waitingCount="1" stopTime="0.00" timeLoss="67.92" rerouteNo="0" devices="tripinfo_through_110" vType="fast" speedFactor="0.93" vaporized=""/>
    <tripinfo id="through_102" depart="92.00" departLane="393627613_0" departPos="5.60" departSpeed="0.00" departDelay="6.00" arrival="201.00" arrivalLane="393625777_0" arrivalPos="296.14" arrivalSpeed="14.63" duration="109.00" routeLength="617.64" waitingTime="53.00" waitingCount="1" stopTime="0.00" timeLoss="67.04" rerouteNo="0" devices="tripinfo_through_102" vType="slow" speedFactor="0.97" vaporized=""/>
    <tripinfo id="through_128" depart="104.00" departLane="393627613_0" departPos="4.30" departSpeed="0.00" departDelay="0.00" arrival="202.00" arrivalLane="393625777_1" arrivalPos="296.14" arrivalSpeed="15.12" duration="98.00" routeLength="618.94" waitingTime="44.00" waitingCount="1" stopTime="0.00" timeLoss="59.61" rerouteNo="0" devices="tripinfo_through_128" vType="fast" speedFactor="1.12" vaporized=""/>
    <tripinfo id="through_113" depart="97.00" departLane="393627613_0" departPos="4.90" departSpeed="0.00" departDelay="2.00" arrival="203.00" arrivalLane="393625777_0" arrivalPos="296.14" arrivalSpeed="13.79" duration="106.00" routeLength="618.34" waitingTime="51.00" waitingCount="1" stopTime="0.00" timeLoss="65.51" rerouteNo="0" devices="tripinfo_through_113" vType="norm" speedFactor="1.01" vaporized=""/>
    <tripinfo id="right_165" depart="141.00" departLane="-393625777_0" departPos="5.60" departSpeed="0.00" departDelay="0.00" arrival="204.00" arrivalLane="-393645138_0" arrivalPos="300.77" arrivalSpeed="14.07" duration="63.00" routeLength="640.85" waitingTime="5.00" waitingCount="1" stopTime="0.00" timeLoss="19.93" rerouteNo="0" devices="tripinfo_right_165" vType="slow" speedFactor="0.91" vaporized=""/>
    <tripinfo id="through_4" depart="5.00" departLane="-393645137_0" departPos="4.30" departSpeed="0.00" departDelay="1.00" arrival="207.00" arrivalLane="-393645138_1" arrivalPos="300.77" arrivalSpeed="15.31" duration="202.00" routeLength="690.22" waitingTime="150.00" waitingCount="1" stopTime="0.00" timeLoss="159.13" rerouteNo="0" devices="tripinfo_through_4" vType="fast" speedFactor="1.03" vaporized=""/>
    <tripinfo id="through_6" depart="8.00" departLane="393645138_0" departPos="4.30" departSpeed="0.00" departDelay="0.00" arrival="207.00" arrivalLane="393645137_1" arrivalPos="291.20" arrivalSpeed="15.42" duration="199.00" routeLength="691.49" waitingTime="145.00" waitingCount="1" stopTime="0.00" timeLoss="155.59" rerouteNo="0" devices="tripinfo_through_6" vType="fast" speedFactor="1.05" vaporized=""/>
    <tripinfo id="through_0" depart="2.00" departLane="393645138_0" departPos="4.30" departSpeed="0.00" departDelay="0.00" arrival="207.00" arrivalLane="393645137_0" arrivalPos="291.20" arrivalSpeed="15.54" duration="205.00" routeLength="691.49" waitingTime="151.00" waitingCount="1" stopTime="0.00" timeLoss="161.64" rerouteNo="0" devices="tripinfo_through_0" vType="fast" speedFactor="1.06" vaporized=""/>
    <tripinfo id="through_2" depart="3.00" departLane="-393645137_0" departPos="4.30" departSpeed="0.00" departDelay="0.00" arrival="207.00" arrivalLane="-393645138_0" arrivalPos="300.77" arrivalSpeed="16.03" duration="204.00" routeLength="690.22" waitingTime="152.00" waitingCount="1" stopTime="0.00" timeLoss="161.10" rerouteNo="0" devices="tripinfo_through_2" vType="fast" speedFactor="1.01" vaporized=""/>
    <tripinfo id="through_15" depart="15.00" departLane="393645138_0" departPos="4.30" departSpeed="0.00" departDelay="1.00" arrival="208.00" arrivalLane="393645137_1" arrivalPos="291.20" arrivalSpeed="15.17" duration="193.00" routeLength="691.49" waitingTime="139.00" waitingCount="1" stopTime="0.00" timeLoss="150.27" rerouteNo="0" devices="tripinfo_through_15" vType="fast" speedFactor="0.93" vaporized=""/>
    <tripinfo id="right_11" depart="14.00" departLane="-393645137_0" departPos="4.90" departSpeed="0.00" departDelay="4.00" arrival="208.00" arrivalLane="393625777_0" arrivalPos="296.14" arrivalSpeed="15.48" duration="194.00" routeLength="632.33" waitingTime="143.00" waitingCount="1" stopTime="0.00" timeLoss="153.03" rerouteNo="0" devices="tripinfo_right_11" vType="norm" speedFactor="1.03" vaporized=""/>
    <tripinfo id="through_7" depart="10.00" departLane="393645138_0" departPos="4.30" departSpeed="0.00" departDelay="1.00" arrival="209.00" arrivalLane="393645137_0" arrivalPos="291.20" arrivalSpeed="15.23" duration="199.00" routeLength="691.49" waitingTime="142.00" waitingCount="1" stopTime="0.00" timeLoss="155.66" rerouteNo="0" devices="tripinfo_through_7" vType="fast" speedFactor="0.89" vaporized=""/>
    <tripinfo id="through_8" depart="9.00" departLane="-393645137_0" departPos="4.30" departSpeed="0.00" departDelay="0.00" arrival="209.00" arrivalLane="-393645138_0" arrivalPos="300.77" arrivalSpeed="15.21" duration="200.00" routeLength="690.22" waitingTime="147.00" waitingCount="1" stopTime="0.00" timeLoss="156.92" rerouteNo="0" devices="tripinfo_through_8" vType="fast" speedFactor="0.94" vaporized=""/>
    <tripinfo id="through_10" depart="12.00" departLane="-393645137_0" departPos="4.90" departSpeed="0.00" departDelay="2.00" arrival="210.00" arrivalLane="-393645138_1" arrivalPos="300.77" arrivalSpeed="15.15" duration="198.00" routeLength="689.62" waitingTime="143.00" waitingCount="1" stopTime="0.00" timeLoss="153.56" rerouteNo="0" devices="tripinfo_through_10" vType="norm" speedFactor="1.09" vaporized=""/>
    <tripinfo id="through_23" depart="21.00" departLane="393645138_0" departPos="4.30" departSpeed="0.00" departDelay="2.00" arrival="210.00" arrivalLane="393645137_1" arrivalPos="291.20" arrivalSpeed="15.92" duration="189.00" routeLength="691.49" waitingTime="135.00" waitingCount="1" stopTime="0.00" timeLoss="146.12" rerouteNo="0" devices="tripinfo_through_23" vType="fast" speedFactor="0.89" vaporized=""/>
    <tripinfo id="through_21" depart="18.00" departLane="393645138_0" departPos="4.30" departSpeed="0.00" departDelay="0.00" arrival="211.00" arrivalLane="393645137_0" arrivalPos="291.20" arrivalSpeed="14.57" duration="193.00" routeLength="691.49" waitingTime="139.00" waitingCount="1" stopTime="0.00" timeLoss="149.63" rerouteNo="0" devices="tripinfo_through_21" vType="fast" speedFactor="1.01" vaporized=""/>
    <tripinfo id="right_26" depart="23.00" departLane="393645138_0" departPos="4.30" departSpeed="0.00" departDelay="1.00" arrival="211.00" arrivalLane="-393627613_0" arrivalPos="300.35" arrivalSpeed="15.04" duration="188.00" routeLength="648.63" waitingTime="134.00" waitingCount="1" stopTime="0.00" timeLoss="147.68" rerouteNo="0" devices="tripinfo_right_26" vType="fast" speedFactor="0.92" vaporized=""/>
    <tripinfo id="right_63" depart="54.00" departLane="-393645137_0" departPos="4.30" departSpeed="0.00" departDelay="0.00" arrival="211.00" arrivalLane="393625777_0" arrivalPos="296.14" arrivalSpeed="14.65" duration="157.00" routeLength="632.93" waitingTime="106.00" waitingCount="1" stopTime="0.00" timeLoss="117.55" rerouteNo="0" devices="tripinfo_right_63" vType="fast" speedFactor="0.99" vaporized=""/>
    <tripinfo id="through_16" depart="16.00" departLane="-393645137_0" departPos="4.30" departSpeed="0.00" departDelay="2.00" arrival="212.00" arrivalLane="-393645138_1" arrivalPos="300.77" arrivalSpeed="15.48" duration="196.00" routeLength="690.22" waitingTime="139.00" waitingCount="1" stopTime="0.00" timeLoss="153.01" rerouteNo="0" devices="tripinfo_through_16" vType="fast" speedFactor="0.88" vaporized=""/>
    <tripinfo id="through_28" depart="25.00" departLane="393645138_0" departPos="4.30" departSpeed="0.00" departDelay="1.00" arrival="212.00" arrivalLane="393645137_1" arrivalPos="291.20" arrivalSpeed="15.06" duration="187.00" routeLength="691.49" waitingTime="132.00" waitingCount="1" stopTime="0.00" timeLoss="143.96" rerouteNo="0" devices="tripinfo_through_28" vType="fast" speedFactor="1.13" vaporized=""/>
    <tripinfo id="through_39" depart="34.00" departLane="-393645137_0" departPos="4.30" departSpeed="0.00" departDelay="0.00" arrival="213.00" arrivalLane="-393645138_0" arrivalPos="300.77" arrivalSpeed="15.68" duration="179.00" routeLength="690.22" waitingTime="125.00" waitingCount="1" stopTime="0.00" timeLoss="135.53" rerouteNo="0" devices="tripinfo_through_39" vType="fast" speedFactor="0.90" vaporized=""/>
    <tripinfo id="through_54" depart="45.00" departLane="-393645137_0" departPos="4.90" departSpeed="0.00" departDelay="0.00" arrival="214.00" arrivalLane="-393645138_1" arrivalPos="300.77" arrivalSpeed="14.46" duration="169.00" routeLength="689.62" waitingTime="114.00" waitingCount="1" stopTime="0.00" timeLoss="124.38" rerouteNo="0" devices="tripinfo_through_54" vType="norm" speedFactor="1.00" vaporized=""/>
    <tripinfo id="right_79" depart="64.00" departLane="-393645137_0" departPos="4.30" departSpeed="0.00" departDelay="0.00" arrival="214.00" arrivalLane="393625777_0" arrivalPos="296.14" arrivalSpeed="14.98" duration="150.00" routeLength="632.93" waitingTime="96.00" waitingCount="1" stopTime="0.00" timeLoss="110.87" rerouteNo="0" devices="tripinfo_right_79" vType="fast" speedFactor="1.09" vaporized=""/>
    <tripinfo id="through_34" depart="35.00" departLane="393645138_0" departPos="4.90" departSpeed="0.00" departDelay="5.00" arrival="215.00" arrivalLane="393645137_1" arrivalPos="291.20" arrivalSpeed="13.76" duration="180.00" routeLength="690.89" waitingTime="123.00" waitingCount="2" stopTime="0.00" timeLoss="134.92" rerouteNo="0" devices="tripinfo_through_34" vType="norm" speedFactor="0.99" vaporized=""/>
    <tripinfo id="through_32" depart="30.00" departLane="393645138_0" departPos="4.30" departSpeed="0.00" departDelay="2.00" arrival="215.00" arrivalLane="393645137_0" arrivalPos="291.20" arrivalSpeed="14.90" duration="185.00" routeLength="691.49" waitingTime="129.00" waitingCount="1" stopTime="0.00" timeLoss="142.27" rerouteNo="0" devices="tripinfo_through_32" vType="fast" speedFactor="1.01" vaporized=""/>
    <tripinfo id="through_67" depart="59.00" departLane="-393645137_0" departPos="4.90" departSpeed="0.00" departDelay="4.00" arrival="216.00" arrivalLane="-393645138_0" arrivalPos="300.77" arrivalSpeed="15.40" duration="157.00" routeLength="689.62" waitingTime="97.00" waitingCount="2" stopTime="0.00" timeLoss="112.11" rerouteNo="0" devices="tripinfo_through_67" vType="norm" speedFactor="0.91" vaporized=""/>
    <tripinfo id="through_88" depart="75.00" departLane="-393645137_0" departPos="4.30" departSpeed="0.00" departDelay="2.00" arrival="217.00" arrivalLane="-393645138_1" arrivalPos="300.77" arrivalSpeed="14.71" duration="142.00" routeLength="690.22" waitingTime="86.00" waitingCount="1" stopTime="0.00" timeLoss="99.31" rerouteNo="0" devices="tripinfo_through_88" vType="fast" speedFactor="1.01" vaporized=""/>
    <tripinfo id="through_43" depart="47.00" departLane="393645138_0" departPos="4.90" departSpeed="0.00" departDelay="7.00" arrival="217.00" arrivalLane="393645137_1" arrivalPos="291.20" arrivalSpeed="14.27" duration="170.00" routeLength="690.89" waitingTime="114.00" waitingCount="1" stopTime="0.00" timeLoss="125.41" rerouteNo="0" devices="tripinfo_through_43" vType="norm" speedFactor="1.04" vaporized=""/>
    <tripinfo id="right_103" depart="89.00" departLane="-393645137_0" departPos="4.30" departSpeed="0.00" departDelay="0.00" arrival="218.00" arrivalLane="393625777_0" arrivalPos="296.14" arrivalSpeed="15.72" duration="129.00" routeLength="632.93" waitingTime="76.00" waitingCount="1" stopTime="0.00" timeLoss="89.66" rerouteNo="0" devices="tripinfo_right_103" vType="fast" speedFactor="0.95" vaporized=""/>
    <tripinfo id="through_48" depart="52.00" departLane="393645138_0" departPos="4.30" departSpeed="0.00" departDelay="10.00" arrival="219.00" arrivalLane="393645137_1" arrivalPos="291.20" arrivalSpeed="15.78" duration="167.00" routeLength="691.49" waitingTime="109.00" waitingCount="1" stopTime="0.00" timeLoss="123.87" rerouteNo="0" devices="tripinfo_through_48" vType="fast" speedFactor="0.88" vaporized=""/>
    <tripinfo id="through_35" depart="38.00" departLane="393645138_0" departPos="5.60" departSpeed="0.00" departDelay="7.00" arrival="219.00" arrivalLane="393645137_0" arrivalPos="291.20" arrivalSpeed="14.65" duration="181.00" routeLength="690.19" waitingTime="121.00" waitingCount="1" stopTime="0.00" timeLoss="134.35" rerouteNo="0" devices="tripinfo_through_35" vType="slow" speedFactor="1.02" vaporized=""/>
    <tripinfo id="through_119" depart="99.00" departLane="-393645137_0" departPos="4.30" departSpeed="0.00" departDelay="0.00" arrival="220.00" arrivalLane="-393645138_0" arrivalPos="300.77" arrivalSpeed="15.83" duration="121.00" routeLength="690.22" waitingTime="64.00" waitingCount="1" stopTime="0.00" timeLoss="77.44" rerouteNo="0" devices="tripinfo_through_119" vType="fast" speedFactor="1.07" vaporized=""/>
    <tripinfo id="right_36" depart="41.00" departLane="393645138_0" departPos="5.60" departSpeed="0.00" departDelay="10.00" arrival="220.00" arrivalLane="-393627613_0" arrivalPos="300.35" arrivalSpeed="14.89" duration="179.00" routeLength="647.33" waitingTime="119.00" waitingCount="1" stopTime="0.00" timeLoss="135.28" rerouteNo="0" devices="tripinfo_right_36" vType="slow" speedFactor="0.97" vaporized=""/>
    <tripinfo id="right_115" depart="97.00" departLane="-393645137_0" departPos="4.30" departSpeed="0.00" departDelay="0.00" arrival="220.00" arrivalLane="393625777_0" arrivalPos="296.14" arrivalSpeed="16.15" duration="123.00" routeLength="632.93" waitingTime="69.00" waitingCount="1" stopTime="0.00" timeLoss="83.54" rerouteNo="0" devices="tripinfo_right_115" vType="fast" speedFactor="0.92" vaporized=""/>
    <tripinfo id="through_45" depart="49.00" departLane="393645138_0" departPos="5.60" departSpeed="0.00" departDelay="8.00" arrival="221.00" arrivalLane="393645137_1" arrivalPos="291.20" arrivalSpeed="14.62" duration="172.00" routeLength="690.19" waitingTime="108.00" waitingCount="1" stopTime="0.00" timeLoss="125.95" rerouteNo="0" devices="tripinfo_through_45" vType="slow" speedFactor="1.09" vaporized=""/>
    <tripinfo id="through_92" depart="78.00" departLane="-393645137_0" departPos="5.60" departSpeed="0.00" departDelay="2.00" arrival="221.00" arrivalLane="-393645138_0" arrivalPos="300.77" arrivalSpeed="14.51" duration="143.00" routeLength="688.92" waitingTime="82.00" waitingCount="1" stopTime="0.00" timeLoss="96.86" rerouteNo="0" devices="tripinfo_through_92" vType="slow" speedFactor="0.83" vaporized=""/>
    <tripinfo id="through_148" depart="124.00" departLane="-393645137_0" departPos="4.30" departSpeed="0.00" departDelay="2.00" arrival="222.00" arrivalLane="-393645138_1" arrivalPos="300.77" arrivalSpeed="14.74" duration="98.00" routeLength="690.22" waitingTime="43.00" waitingCount="1" stopTime="0.00" timeLoss="55.38" rerouteNo="0" devices="tripinfo_through_148" vType="fast" speedFactor="0.97" vaporized=""/>
    <tripinfo id="through_52" depart="57.00" departLane="393645138_0" departPos="4.30" departSpeed="0.00" departDelay="13.00" arrival="223.00" arrivalLane="393645137_1" arrivalPos="291.20" arrivalSpeed="15.12" duration="166.00" routeLength="691.49" waitingTime="106.00" waitingCount="1" stopTime="0.00" timeLoss="123.03" rerouteNo="0" devices="tripinfo_through_52" vType="fast" speedFactor="1.02" vaporized=""/>
    <tripinfo id="through_51" depart="55.00" departLane="393645138_0" departPos="4.30" departSpeed="0.00" departDelay="12.00" arrival="223.00" arrivalLane="393645137_0" arrivalPos="291.20" arrivalSpeed="16.15" duration="168.00" routeLength="691.49" waitingTime="108.00" waitingCount="1" stopTime="0.00" timeLoss="124.55" rerouteNo="0" devices="tripinfo_through_51" vType="fast" speedFactor="1.17" vaporized=""/>
    <tripinfo id="right_53" depart="60.00" departLane="393645138_0" departPos="4.90" departSpeed="0.00" departDelay="15.00" arrival="223.00" arrivalLane="-393627613_0" arrivalPos="300.35" arrivalSpeed="14.80" duration="163.00" routeLength="648.03" waitingTime="103.00" waitingCount="1" stopTime="0.00" timeLoss="121.12" rerouteNo="0" devices="tripinfo_right_53" vType="norm" speedFactor="1.10" vaporized=""/>
    <tripinfo id="right_129" depart="107.00" departLane="-393645137_0" departPos="4.90" departSpeed="0.00" departDelay="2.00" arrival="223.00" arrivalLane="393625777_0" arrivalPos="296.14" arrivalSpeed="14.52" duration="116.00" routeLength="632.33" waitingTime="61.00" waitingCount="1" stopTime="0.00" timeLoss="75.00" rerouteNo="0" devices="tripinfo_right_129" vType="norm" speedFactor="1.01" vaporized=""/>
    <tripinfo id="through_61" depart="67.00" departLane="393645138_0" departPos="5.60" departSpeed="0.00" departDelay="16.00" arrival="225.00" arrivalLane="393645137_0" arrivalPos="291.20" arrivalSpeed="13.66" duration="158.00" routeLength="690.19" waitingTime="99.00" waitingCount="1" stopTime="0.00" timeLoss="111.82" rerouteNo="0" devices="tripinfo_through_61" vType="slow" speedFactor="1.12" vaporized=""/>
    <tripinfo id="right_132" depart="109.00" departLane="-393645137_0" departPos="4.30" departSpeed="0.00" departDelay="2.00" arrival="225.00" arrivalLane="393625777_0" arrivalPos="296.14" arrivalSpeed="15.40" duration="116.00" routeLength="632.93" waitingTime="58.00" waitingCount="1" stopTime="0.00" timeLoss="76.88" rerouteNo="0" devices="tripinfo_right_132" vType="fast" speedFactor="0.96" vaporized=""/>
    <tripinfo id="right_60" depart="65.00" departLane="393645138_0" departPos="4.90" departSpeed="0.00" departDelay="15.00" arrival="227.00" arrivalLane="-393627613_0" arrivalPos="300.35" arrivalSpeed="14.33" duration="162.00" routeLength="648.03" waitingTime="102.00" waitingCount="1" stopTime="0.00" timeLoss="119.96" rerouteNo="0" devices="tripinfo_right_60" vType="norm" speedFactor="1.08" vaporized=""/>
    <tripinfo id="right_134" depart="112.00" departLane="-393645137_0" departPos="4.30" departSpeed="0.00" departDelay="4.00" arrival="227.00" arrivalLane="393625777_0" arrivalPos="296.14" arrivalSpeed="15.73" duration="115.00" routeLength="632.93" waitingTime="59.00" waitingCount="1" stopTime="0.00" timeLoss="75.75" rerouteNo="0" devices="tripinfo_right_134" vType="fast" speedFactor="1.23" vaporized=""/>
    <tripinfo id="left_109" depart="93.00" departLane="-393645137_0" departPos="4.30" departSpeed="0.00" departDelay="0.00" arrival="229.00" arrivalLane="-393627613_1" arrivalPos="300.35" arrivalSpeed="15.70" duration="136.00" routeLength="650.18" waitingTime="76.00" waitingCount="2" stopTime="0.00" timeLoss="94.97" rerouteNo="0" devices="tripinfo_left_109" vType="fast" speedFactor="0.96" vaporized=""/>
    <tripinfo id="left_126" depart="104.00" departLane="-393645137_0" departPos="4.30" departSpeed="0.00" departDelay="0.00" arrival="230.00" arrivalLane="-393627613_1" arrivalPos="300.35" arrivalSpeed="14.78" duration="126.00" routeLength="650.18" waitingTime="61.00" waitingCount="2" stopTime="0.00" timeLoss="85.74" rerouteNo="0" devices="tripinfo_left_126" vType="fast" speedFactor="1.03" vaporized=""/>
    <tripinfo id="left_163" depart="140.00" departLane="-393645137_0" departPos="4.90" departSpeed="0.00" departDelay="0.00" arrival="232.00" arrivalLane="-393627613_1" arrivalPos="300.35" arrivalSpeed="15.25" duration="92.00" routeLength="649.58" waitingTime="33.00" waitingCount="1" stopTime="0.00" timeLoss="50.30" rerouteNo="0" devices="tripinfo_left_163" vType="norm" speedFactor="1.13" vaporized=""/>
    <tripinfo id="right_147" depart="121.00" departLane="-393645137_0" departPos="5.60" departSpeed="0.00" departDelay="0.00" arrival="232.00" arrivalLane="393625777_0" arrivalPos="296.14" arrivalSpeed="14.96" duration="111.00" routeLength="631.63" waitingTime="50.00" waitingCount="1" stopTime="0.00" timeLoss="68.63" rerouteNo="0" devices="tripinfo_right_147" vType="slow" speedFactor="1.00" vaporized=""/>
    <tripinfo id="left_62" depart="69.00" departLane="393645138_0" departPos="4.30" departSpeed="0.00" departDelay="15.00" arrival="233.00" arrivalLane="393625777_1" arrivalPos="296.14" arrivalSpeed="15.15" duration="164.00" routeLength="657.06" waitingTime="103.00" waitingCount="2" stopTime="0.00" timeLoss="122.88" rerouteNo="0" devices="tripinfo_left_62" vType="fast" speedFactor="1.02" vaporized=""/>
    <tripinfo id="left_168" depart="144.00" departLane="-393645137_0" departPos="4.30" departSpeed="0.00" departDelay="0.00" arrival="234.00" arrivalLane="-393627613_1" arrivalPos="300.35" arrivalSpeed="15.50" duration="90.00" routeLength="650.18" waitingTime="31.00" waitingCount="1" stopTime="0.00" timeLoss="49.63" rerouteNo="0" devices="tripinfo_left_168" vType="fast" speedFactor="0.98" vaporized=""/>
    <tripinfo id="left_83" depart="92.00" departLane="393645138_0" departPos="4.30" departSpeed="0.00" departDelay="23.00" arrival="235.00" arrivalLane="393625777_1" arrivalPos="296.14" arrivalSpeed="14.67" duration="143.00" routeLength="657.06" waitingTime="81.00" waitingCount="1" stopTime="0.00" timeLoss="101.77" rerouteNo="0" devices="tripinfo_left_83" vType="fast" speedFactor="0.97" vaporized=""/>
    <tripinfo id="left_186" depart="166.00" departLane="-393645137_0" departPos="4.90" departSpeed="0.00" departDelay="1.00" arrival="236.00" arrivalLane="-393627613_1" arrivalPos="300.35" arrivalSpeed="13.81" duration="70.00" routeLength="649.58" waitingTime="10.00" waitingCount="1" stopTime="0.00" timeLoss="27.96" rerouteNo="0" devices="tripinfo_left_186" vType="norm" speedFactor="1.08" vaporized=""/>
    <tripinfo id="through_139" depart="114.00" departLane="393627613_0" departPos="4.30" departSpeed="0.00" departDelay="0.00" arrival="285.00" arrivalLane="393625777_1" arrivalPos="296.14" arrivalSpeed="15.02" duration="171.00" routeLength="618.94" waitingTime="113.00" waitingCount="2" stopTime="0.00" timeLoss="132.08" rerouteNo="0" devices="tripinfo_through_139" vType="fast" speedFactor="0.95" vaporized=""/>
    <tripinfo id="through_194" depart="172.00" departLane="-393625777_0" departPos="4.30" departSpeed="0.00" departDelay="0.00" arrival="285.00" arrivalLane="-393627613_0" arrivalPos="300.35" arrivalSpeed="15.61" duration="113.00" routeLength="619.57" waitingTime="64.00" waitingCount="1" stopTime="0.00" timeLoss="74.17" rerouteNo="0" devices="tripinfo_through_194" vType="fast" speedFactor="1.00" vaporized=""/>
    <tripinfo id="through_130" depart="106.00" departLane="393627613_0" departPos="4.90" departSpeed="0.00" departDelay="1.00" arrival="285.00" arrivalLane="393625777_0" arrivalPos="296.14" arrivalSpeed="15.23" duration="179.00" routeLength="618.34" waitingTime="119.00" waitingCount="2" stopTime="0.00" timeLoss="139.08" rerouteNo="0" devices="tripinfo_through_130" vType="norm" speedFactor="1.03" vaporized=""/>
    <tripinfo id="through_138" depart="112.00" departLane="393627613_0" departPos="4.30" departSpeed="0.00" departDelay="0.00" arrival="286.00" arrivalLane="393625777_1" arrivalPos="296.14" arrivalSpeed="14.83" duration="174.00" routeLength="618.94" waitingTime="114.00" waitingCount="3" stopTime="0.00" timeLoss="135.73" rerouteNo="0" devices="tripinfo_through_138" vType="fast" speedFactor="1.00" vaporized=""/>
    <tripinfo id="through_143" depart="119.00" departLane="393627613_0" departPos="4.30" departSpeed="0.00" departDelay="0.00" arrival="287.00" arrivalLane="393625777_0" arrivalPos="296.14" arrivalSpeed="15.53" duration="168.00" routeLength="618.94" waitingTime="107.00" waitingCount="2" stopTime="0.00" timeLoss="129.38" rerouteNo="0" devices="tripinfo_through_143" vType="fast" speedFactor="1.13" vaporized=""/>
    <tripinfo id="through_146" depart="121.00" departLane="393627613_0" departPos="4.90" departSpeed="0.00" departDelay="1.00" arrival="289.00" arrivalLane="393625777_1" arrivalPos="296.14" arrivalSpeed="15.43" duration="168.00" routeLength="618.34" waitingTime="105.00" waitingCount="2" stopTime="0.00" timeLoss="128.17" rerouteNo="0" devices="tripinfo_through_146" vType="norm" speedFactor="0.89" vaporized=""/>
    <tripinfo id="through_151" depart="127.00" departLane="393627613_0" departPos="4.30" departSpeed="0.00" departDelay="0.00" arrival="289.00" arrivalLane="393625777_0" arrivalPos="296.14" arrivalSpeed="15.99" duration="162.00" routeLength="618.94" waitingTime="99.00" waitingCount="2" stopTime="0.00" timeLoss="122.92" rerouteNo="0" devices="tripinfo_through_151" vType="fast" speedFactor="1.00" vaporized=""/>
    <tripinfo id="through_154" depart="129.00" departLane="393627613_0" departPos="4.30" departSpeed="0.00" departDelay="1.00" arrival="291.00" arrivalLane="393625777_1" arrivalPos="296.14" arrivalSpeed="14.52" duration="162.00" routeLength="618.94" waitingTime="99.00" waitingCount="3" stopTime="0.00" timeLoss="123.56" rerouteNo="0" devices="tripinfo_through_154" vType="fast" speedFactor="1.06" vaporized=""/>
    <tripinfo id="through_157" depart="132.00" departLane="393627613_0" departPos="5.60" departSpeed="0.00" departDelay="1.00" arrival="291.00" arrivalLane="393625777_0" arrivalPos="296.14" arrivalSpeed="14.03" duration="159.00" routeLength="617.64" waitingTime="93.00" waitingCount="2" stopTime="0.00" timeLoss="117.74" rerouteNo="0" devices="tripinfo_through_157" vType="slow" speedFactor="1.08" vaporized=""/>
    <tripinfo id="through_162" depart="138.00" departLane="393627613_0" departPos="4.30" departSpeed="0.00" departDelay="0.00" arrival="293.00" arrivalLane="393625777_1" arrivalPos="296.14" arrivalSpeed="16.16" duration="155.00" routeLength="618.94" waitingTime="91.00" waitingCount="2" stopTime="0.00" timeLoss="116.11" rerouteNo="0" devices="tripinfo_through_162" vType="fast" speedFactor="0.99" vaporized=""/>
    <tripinfo id="through_164" depart="141.00" departLane="393627613_0" departPos="4.90" departSpeed="0.00" departDelay="1.00" arrival="293.00" arrivalLane="393625777_0" arrivalPos="296.14" arrivalSpeed="13.61" duration="152.00" routeLength="618.34" waitingTime="89.00" waitingCount="2" stopTime="0.00" timeLoss="112.12" rerouteNo="0" devices="tripinfo_through_164" vType="norm" speedFactor="1.05" vaporized=""/>
    <tripinfo id="through_167" depart="143.00" departLane="393627613_0" departPos="4.30" departSpeed="0.00" departDelay="0.00" arrival="294.00" arrivalLane="393625777_1" arrivalPos="296.14" arrivalSpeed="15.53" duration="151.00" routeLength="618.94" waitingTime="87.00" waitingCount="3" stopTime="0.00" timeLoss="112.77" rerouteNo="0" devices="tripinfo_through_167" vType="fast" speedFactor="1.03" vaporized=""/>
    <tripinfo id="through_169" depart="145.00" departLane="393627613_0" departPos="4.90" departSpeed="0.00" departDelay="0.00" arrival="295.00" arrivalLane="393625777_0" arrivalPos="296.14" arrivalSpeed="15.24" duration="150.00" routeLength="618.34" waitingTime="86.00" waitingCount="2" stopTime="0.00" timeLoss="109.74" rerouteNo="0" devices="tripinfo_through_169" vType="norm" speedFactor="0.94" vaporized=""/>
    <tripinfo id="through_173" depart="151.00" departLane="393627613_0" departPos="5.60" departSpeed="0.00" departDelay="0.00" arrival="297.00" arrivalLane="393625777_1" arrivalPos="296.14" arrivalSpeed="14.64" duration="146.00" routeLength="617.64" waitingTime="80.00" waitingCount="3" stopTime="0.00" timeLoss="104.36" rerouteNo="0" devices="tripinfo_through_173" vType="slow" speedFactor="1.14" vaporized=""/>
    <tripinfo id="right_174" depart="153.00" departLane="393627613_0" departPos="4.30" departSpeed="0.00" departDelay="0.00" arrival="299.00" arrivalLane="393645137_0" arrivalPos="291.20" arrivalSpeed="15.07" duration="146.00" routeLength="635.85" waitingTime="76.00" waitingCount="2" stopTime="0.00" timeLoss="106.33" rerouteNo="0" devices="tripinfo_right_174" vType="fast" speedFactor="0.96" vaporized=""/>
    <tripinfo id="through_180" depart="159.00" departLane="393627613_0" departPos="4.30" departSpeed="0.00" departDelay="0.00" arrival="299.00" arrivalLane="393625777_1" arrivalPos="296.14" arrivalSpeed="14.81" duration="140.00" routeLength="618.94" waitingTime="71.00" waitingCount="2" stopTime="0.00" timeLoss="101.13" rerouteNo="0" devices="tripinfo_through_180" vType="fast" speedFactor="1.10" vaporized=""/>
    <tripinfo id="through_177" depart="157.00" departLane="393627613_0" departPos="4.30" departSpeed="0.00" departDelay="0.00" arrival="299.00" arrivalLane="393625777_0" arrivalPos="296.14" arrivalSpeed="14.91" duration="142.00" routeLength="618.94" waitingTime="75.00" waitingCount="2" stopTime="0.00" timeLoss="103.22" rerouteNo="0" devices="tripinfo_through_177" vType="fast" speedFactor="1.03" vaporized=""/>
    <tripinfo id="through_189" depart="169.00" departLane="393627613_0" departPos="4.30" departSpeed="0.00" departDelay="2.00" arrival="300.00" arrivalLane="393625777_1" arrivalPos="296.14" arrivalSpeed="14.60" duration="131.00" routeLength="618.94" waitingTime="71.00" waitingCount="1" stopTime="0.00" timeLoss="92.72" rerouteNo="0" devices="tripinfo_through_189" vType="fast" speedFactor="0.97" vaporized=""/>
    <tripinfo id="through_192" depart="172.00" departLane="393627613_0" departPos="5.60" departSpeed="0.00" departDelay="1.00" arrival="302.00" arrivalLane="393625777_1" arrivalPos="296.14" arrivalSpeed="14.98" duration="130.00" routeLength="617.64" waitingTime="70.00" waitingCount="1" stopTime="0.00" timeLoss="88.72" rerouteNo="0" devices="tripinfo_through_192" vType="slow" speedFactor="1.10" vaporized=""/>
    <tripinfo id="right_184" depart="164.00" departLane="-393645137_0" departPos="4.30" departSpeed="0.00" departDelay="0.00" arrival="306.00" arrivalLane="393625777_0" arrivalPos="296.14" arrivalSpeed="14.78" duration="142.00" routeLength="632.93" waitingTime="78.00" waitingCount="2" stopTime="0.00" timeLoss="102.32" rerouteNo="0" devices="tripinfo_right_184" vType="fast" speedFactor="0.94" vaporized=""/>
    <tripinfo id="through_152" depart="128.00" departLane="-393645137_0" departPos="4.30" departSpeed="0.00" departDelay="0.00" arrival="307.00" arrivalLane="-393645138_1" arrivalPos="300.77" arrivalSpeed="15.37" duration="179.00" routeLength="690.22" waitingTime="117.00" waitingCount="2" stopTime="0.00" timeLoss="136.13" rerouteNo="0" devices="tripinfo_through_152" vType="fast" speedFactor="1.07" vaporized=""/>
    <tripinfo id="through_166" depart="142.00" departLane="-393645137_0" departPos="4.30" departSpeed="0.00" departDelay="0.00" arrival="308.00" arrivalLane="-393645138_0" arrivalPos="300.77" arrivalSpeed="15.54" duration="166.00" routeLength="690.22" waitingTime="101.00" waitingCount="2" stopTime="0.00" timeLoss="122.58" rerouteNo="0" devices="tripinfo_through_166" vType="fast" speedFactor="1.00" vaporized=""/>
    <tripinfo id="right_76" depart="84.00" departLane="393645138_0" departPos="4.30" departSpeed="0.00" departDelay="21.00" arrival="309.00" arrivalLane="-393627613_0" arrivalPos="300.35" arrivalSpeed="15.83" duration="225.00" routeLength="648.63" waitingTime="159.00" waitingCount="2" stopTime="0.00" timeLoss="184.20" rerouteNo="0" devices="tripinfo_right_76" vType="fast" speedFactor="1.03" vaporized=""/>
    <tripinfo id="through_156" depart="131.00" departLane="-393645137_0" departPos="4.30" departSpeed="0.00" departDelay="2.00" arrival="309.00" arrivalLane="-393645138_1" arrivalPos="300.77" arrivalSpeed="15.12" duration="178.00" routeLength="690.22" waitingTime="114.00" waitingCount="2" stopTime="0.00" timeLoss="134.82" rerouteNo="0" devices="tripinfo_through_156" vType="fast" speedFactor="1.18" vaporized=""/>
    <tripinfo id="through_56" depart="62.00" departLane="393645138_0" departPos="5.60" departSpeed="0.00" departDelay="16.00" arrival="309.00" arrivalLane="393645137_1" arrivalPos="291.20" arrivalSpeed="14.27" duration="247.00" routeLength="690.19" waitingTime="177.00" waitingCount="2" stopTime="0.00" timeLoss="200.13" rerouteNo="0" devices="tripinfo_through_56" vType="slow" speedFactor="0.90" vaporized=""/>
    <tripinfo id="through_68" depart="72.00" departLane="393645138_0" departPos="5.60" departSpeed="0.00" departDelay="16.00" arrival="309.00" arrivalLane="393645137_0" arrivalPos="291.20" arrivalSpeed="14.89" duration="237.00" routeLength="690.19" waitingTime="166.00" waitingCount="2" stopTime="0.00" timeLoss="190.72" rerouteNo="0" devices="tripinfo_through_68" vType="slow" speedFactor="1.04" vaporized=""/>
    <tripinfo id="through_70" depart="74.00" departLane="393645138_0" departPos="4.30" departSpeed="0.00" departDelay="16.00" arrival="310.00" arrivalLane="393645137_1" arrivalPos="291.20" arrivalSpeed="15.10" duration="236.00" routeLength="691.49" waitingTime="170.00" waitingCount="2" stopTime="0.00" timeLoss="193.21" rerouteNo="0" devices="tripinfo_through_70" vType="fast" speedFactor="1.02" vaporized=""/>
    <tripinfo id="right_187" depart="168.00" departLane="-393645137_0" departPos="5.60" departSpeed="0.00" departDelay="2.00" arrival="310.00" arrivalLane="393625777_0" arrivalPos="296.14" arrivalSpeed="14.16" duration="142.00" routeLength="631.63" waitingTime="75.00" waitingCount="2" stopTime="0.00" timeLoss="99.50" rerouteNo="0" devices="tripinfo_right_187" vType="slow" speedFactor="0.89" vaporized=""/>
    <tripinfo id="through_159" depart="133.00" departLane="-393645137_0" departPos="4.30" departSpeed="0.00" departDelay="0.00" arrival="311.00" arrivalLane="-393645138_0" arrivalPos="300.77" arrivalSpeed="14.58" duration="178.00" routeLength="690.22" waitingTime="113.00" waitingCount="2" stopTime="0.00" timeLoss="134.86" rerouteNo="0" devices="tripinfo_through_159" vType="fast" speedFactor="1.14" vaporized=""/>
    <tripinfo id="through_71" depart="77.00" departLane="393645138_0" departPos="4.90" departSpeed="0.00" departDelay="17.00" arrival="311.00" arrivalLane="393645137_0" arrivalPos="291.20" arrivalSpeed="14.66" duration="234.00" routeLength="690.89" waitingTime="165.00" waitingCount="2" stopTime="0.00" timeLoss="189.17" rerouteNo="0" devices="tripinfo_through_71" vType="norm" speedFactor="0.97" vaporized=""/>
    <tripinfo id="through_75" depart="81.00" departLane="393645138_0" departPos="4.30" departSpeed="0.00" departDelay="19.00" arrival="312.00" arrivalLane="393645137_1" arrivalPos="291.20" arrivalSpeed="14.90" duration="231.00" routeLength="691.49" waitingTime="165.00" waitingCount="2" stopTime="0.00" timeLoss="187.78" rerouteNo="0" devices="tripinfo_through_75" vType="fast" speedFactor="0.98" vaporized=""/>
    <tripinfo id="through_78" depart="86.00" departLane="393645138_0" departPos="4.30" departSpeed="0.00" departDelay="22.00" arrival="313.00" arrivalLane="393645137_0" arrivalPos="291.20" arrivalSpeed="15.28" duration="227.00" routeLength="691.49" waitingTime="157.00" waitingCount="2" stopTime="0.00" timeLoss="183.88" rerouteNo="0" devices="tripinfo_through_78" vType="fast" speedFactor="1.01" vaporized=""/>
    <tripinfo id="through_73" depart="79.00" departLane="393645138_0" departPos="5.60" departSpeed="0.00" departDelay="18.00" arrival="314.00" arrivalLane="393645137_1" arrivalPos="291.20" arrivalSpeed="14.26" duration="235.00" routeLength="690.19" waitingTime="166.00" waitingCount="2" stopTime="0.00" timeLoss="188.92" rerouteNo="0" devices="tripinfo_through_73" vType="slow" speedFactor="1.06" vaporized=""/>
    <tripinfo id="right_90" depart="96.00" departLane="393645138_0" departPos="4.90" departSpeed="0.00" departDelay="21.00" arrival="315.00" arrivalLane="-393627613_0" arrivalPos="300.35" arrivalSpeed="14.02" duration="219.00" routeLength="648.03" waitingTime="150.00" waitingCount="2" stopTime="0.00" timeLoss="177.17" rerouteNo="0" devices="tripinfo_right_90" vType="norm" speedFactor="1.02" vaporized=""/>
    <tripinfo id="through_86" depart="94.00" departLane="393645138_0" departPos="4.30" departSpeed="0.00" departDelay="21.00" arrival="316.00" arrivalLane="393645137_1" arrivalPos="291.20" arrivalSpeed="14.65" duration="222.00" routeLength="691.49" waitingTime="153.00" waitingCount="2" stopTime="0.00" timeLoss="179.02" rerouteNo="0" devices="tripinfo_through_86" vType="fast" speedFactor="1.00" vaporized=""/>
    <tripinfo id="through_80" depart="89.00" departLane="393645138_0" departPos="5.60" departSpeed="0.00" departDelay="23.00" arrival="317.00" arrivalLane="393645137_0" arrivalPos="291.20" arrivalSpeed="13.60" duration="228.00" routeLength="690.19" waitingTime="155.00" waitingCount="2" stopTime="0.00" timeLoss="181.16" rerouteNo="0" devices="tripinfo_through_80" vType="slow" speedFactor="1.03" vaporized=""/>
    <tripinfo id="right_104" depart="105.00" departLane="393645138_0" departPos="4.90" departSpeed="0.00" departDelay="15.00" arrival="318.00" arrivalLane="-393627613_0" arrivalPos="300.35" arrivalSpeed="14.85" duration="213.00" routeLength="648.03" waitingTime="143.00" waitingCount="2" stopTime="0.00" timeLoss="171.28" rerouteNo="0" devices="tripinfo_right_104" vType="norm" speedFactor="0.89" vaporized=""/>
    <tripinfo id="through_96" depart="99.00" departLane="393645138_0" departPos="4.30" departSpeed="0.00" departDelay="21.00" arrival="318.00" arrivalLane="393645137_1" arrivalPos="291.20" arrivalSpeed="14.91" duration="219.00" routeLength="691.49" waitingTime="149.00" waitingCount="2" stopTime="0.00" timeLoss="175.66" rerouteNo="0" devices="tripinfo_through_96" vType="fast" speedFactor="1.01" vaporized=""/>
    <tripinfo id="through_101" depart="102.00" departLane="393645138_0" departPos="4.30" departSpeed="0.00" departDelay="18.00" arrival="319.00" arrivalLane="393645137_1" arrivalPos="291.20" arrivalSpeed="15.22" duration="217.00" routeLength="691.49" waitingTime="146.00" waitingCount="2" stopTime="0.00" timeLoss="174.30" rerouteNo="0" devices="tripinfo_through_101" vType="fast" speedFactor="0.96" vaporized=""/>
    <tripinfo id="right_106" depart="107.00" departLane="393645138_0" departPos="5.60" departSpeed="0.00" departDelay="16.00" arrival="321.00" arrivalLane="-393627613_0" arrivalPos="300.35" arrivalSpeed="14.87" duration="214.00" routeLength="647.33" waitingTime="138.00" waitingCount="2" stopTime="0.00" timeLoss="170.37" rerouteNo="0" devices="tripinfo_right_106" vType="slow" speedFactor="1.01" vaporized=""/>
    <tripinfo id="through_108" depart="110.00" departLane="393645138_0" departPos="4.30" departSpeed="0.00" departDelay="17.00" arrival="321.00" arrivalLane="393645137_0" arrivalPos="291.20" arrivalSpeed="16.05" duration="211.00" routeLength="691.49" waitingTime="141.00" waitingCount="2" stopTime="0.00" timeLoss="167.86" rerouteNo="0" devices="tripinfo_through_108" vType="fast" speedFactor="1.06" vaporized=""/>
    <tripinfo id="through_111" depart="112.00" departLane="393645138_0" departPos="4.30" departSpeed="0.00" departDelay="18.00" arrival="323.00" arrivalLane="393645137_0" arrivalPos="291.20" arrivalSpeed="15.20" duration="211.00" routeLength="691.49" waitingTime="140.00" waitingCount="2" stopTime="0.00" timeLoss="167.49" rerouteNo="0" devices="tripinfo_through_111" vType="fast" speedFactor="0.87" vaporized=""/>
    <tripinfo id="right_112" depart="115.00" departLane="393645138_0" departPos="4.90" departSpeed="0.00" departDelay="20.00" arrival="324.00" arrivalLane="-393627613_0" arrivalPos="300.35" arrivalSpeed="13.82" duration="209.00" routeLength="648.03" waitingTime="133.00" waitingCount="2" stopTime="0.00" timeLoss="166.87" rerouteNo="0" devices="tripinfo_right_112" vType="norm" speedFactor="1.10" vaporized=""/>
    <tripinfo id="through_123" depart="122.00" departLane="393645138_0" departPos="4.30" departSpeed="0.00" departDelay="20.00" arrival="324.00" arrivalLane="393645137_1" arrivalPos="291.20" arrivalSpeed="15.51" duration="202.00" routeLength="691.49" waitingTime="134.00" waitingCount="2" stopTime="0.00" timeLoss="158.95" rerouteNo="0" devices="tripinfo_through_123" vType="fast" speedFactor="1.02" vaporized=""/>
    <tripinfo id="right_117" depart="117.00" departLane="393645138_0" departPos="4.30" departSpeed="0.00" departDelay="19.00" arrival="326.00" arrivalLane="-393627613_0" arrivalPos="300.35" arrivalSpeed="14.66" duration="209.00" routeLength="648.63" waitingTime="131.00" waitingCount="2" stopTime="0.00" timeLoss="168.19" rerouteNo="0" devices="tripinfo_right_117" vType="fast" speedFactor="1.00" vaporized=""/>
    <tripinfo id="right_120" depart="120.00" departLane="393645138_0" departPos="4.90" departSpeed="0.00" departDelay="20.00" arrival="329.00" arrivalLane="-393627613_0" arrivalPos="300.35" arrivalSpeed="13.70" duration="209.00" routeLength="648.03" waitingTime="129.00" waitingCount="2" stopTime="0.00" timeLoss="166.78" rerouteNo="0" devices="tripinfo_right_120" vType="norm" speedFactor="0.94" vaporized=""/>
    <tripinfo id="right_124" depart="124.00" departLane="393645138_0" departPos="4.30" departSpeed="0.00" departDelay="21.00" arrival="331.00" arrivalLane="-393627613_0" arrivalPos="300.35" arrivalSpeed="15.29" duration="207.00" routeLength="648.63" waitingTime="128.00" waitingCount="2" stopTime="0.00" timeLoss="166.39" rerouteNo="0" devices="tripinfo_right_124" vType="fast" speedFactor="1.06" vaporized=""/>
    <tripinfo id="through_188" depart="166.00" departLane="393627613_0" departPos="5.60" departSpeed="0.00" departDelay="0.00" arrival="386.00" arrivalLane="393625777_0" arrivalPos="296.14" arrivalSpeed="14.40" duration="220.00" routeLength="617.64" waitingTime="151.00" waitingCount="2" stopTime="0.00" timeLoss="178.79" rerouteNo="0" devices="tripinfo_through_188" vType="slow" speedFactor="0.97" vaporized=""/>
    <tripinfo id="through_125" depart="127.00" departLane="393645138_0" departPos="4.30" departSpeed="0.00" departDelay="23.00" arrival="407.00" arrivalLane="393645137_1" arrivalPos="291.20" arrivalSpeed="16.17" duration="280.00" routeLength="691.49" waitingTime="205.00" waitingCount="3" stopTime="0.00" timeLoss="236.69" rerouteNo="0" devices="tripinfo_through_125" vType="fast" speedFactor="1.15" vaporized=""/>
    <tripinfo id="through_135" depart="134.00" departLane="393645138_0" departPos="4.90" departSpeed="0.00" departDelay="24.00" arrival="408.00" arrivalLane="393645137_0" arrivalPos="291.20" arrivalSpeed="14.18" duration="274.00" routeLength="690.89" waitingTime="187.00" waitingCount="3" stopTime="0.00" timeLoss="228.83" rerouteNo="0" devices="tripinfo_through_135" vType="norm" speedFactor="1.01" vaporized=""/>
    <tripinfo id="right_141" depart="145.00" departLane="393645138_0" departPos="4.30" departSpeed="0.00" departDelay="28.00" arrival="409.00" arrivalLane="-393627613_0" arrivalPos="300.35" arrivalSpeed="15.48" duration="264.00" routeLength="648.63" waitingTime="179.00" waitingCount="3" stopTime="0.00" timeLoss="223.52" rerouteNo="0" devices="tripinfo_right_141" vType="fast" speedFactor="1.16" vaporized=""/>
    <tripinfo id="through_131" depart="129.00" departLane="393645138_0" departPos="5.60" departSpeed="0.00" departDelay="23.00" arrival="410.00" arrivalLane="393645137_1" arrivalPos="291.20" arrivalSpeed="14.34" duration="281.00" routeLength="690.19" waitingTime="199.00" waitingCount="3" stopTime="0.00" timeLoss="234.83" rerouteNo="0" devices="tripinfo_through_131" vType="slow" speedFactor="1.07" vaporized=""/>
    <tripinfo id="through_136" depart="137.00" departLane="393645138_0" departPos="5.60" departSpeed="0.00" departDelay="26.00" arrival="410.00" arrivalLane="393645137_0" arrivalPos="291.20" arrivalSpeed="14.80" duration="273.00" routeLength="690.19" waitingTime="183.00" waitingCount="3" stopTime="0.00" timeLoss="226.94" rerouteNo="0" devices="tripinfo_through_136" vType="slow" speedFactor="1.12" vaporized=""/>
    <tripinfo id="right_142" depart="147.00" departLane="393645138_0" departPos="4.30" departSpeed="0.00" departDelay="29.00" arrival="411.00" arrivalLane="-393627613_0" arrivalPos="300.35" arrivalSpeed="14.76" duration="264.00" routeLength="648.63" waitingTime="175.00" waitingCount="3" stopTime="0.00" timeLoss="223.43" rerouteNo="0" devices="tripinfo_right_142" vType="fast" speedFactor="0.94" vaporized=""/>
    <tripinfo id="through_133" depart="132.00" departLane="393645138_0" departPos="4.30" departSpeed="0.00" departDelay="24.00" arrival="412.00" arrivalLane="393645137_1" arrivalPos="291.20" arrivalSpeed="15.05" duration="280.00" routeLength="691.49" waitingTime="198.00" waitingCount="3" stopTime="0.00" timeLoss="236.89" rerouteNo="0" devices="tripinfo_through_133" vType="fast" speedFactor="1.04" vaporized=""/>
    <tripinfo id="through_137" depart="140.00" departLane="393645138_0" departPos="4.30" departSpeed="0.00" departDelay="28.00" arrival="414.00" arrivalLane="393645137_1" arrivalPos="291.20" arrivalSpeed="14.86" duration="274.00" routeLength="691.49" waitingTime="190.00" waitingCount="3" stopTime="0.00" timeLoss="230.71" rerouteNo="0" devices="tripinfo_through_137" vType="fast" speedFactor="1.02" vaporized=""/>
    <tripinfo id="right_145" depart="151.00" departLane="393645138_0" departPos="4.90" departSpeed="0.00" departDelay="31.00" arrival="415.00" arrivalLane="-393627613_0" arrivalPos="300.35" arrivalSpeed="14.51" duration="264.00" routeLength="648.03" waitingTime="171.00" waitingCount="3" stopTime="0.00" timeLoss="221.59" rerouteNo="0" devices="tripinfo_right_145" vType="norm" speedFactor="1.14" vaporized=""/>
    <tripinfo id="through_140" depart="142.00" departLane="393645138_0" departPos="5.60" departSpeed="0.00" departDelay="26.00" arrival="416.00" arrivalLane="393645137_0" arrivalPos="291.20" arrivalSpeed="14.08" duration="274.00" routeLength="690.19" waitingTime="186.00" waitingCount="3" stopTime="0.00" timeLoss="227.55" rerouteNo="0" devices="tripinfo_through_140" vType="slow" speedFactor="1.11" vaporized=""/>
    <tripinfo id="through_144" depart="149.00" departLane="393645138_0" departPos="4.90" departSpeed="0.00" departDelay="29.00" arrival="417.00" arrivalLane="393645137_1" arrivalPos="291.20" arrivalSpeed="15.14" duration="268.00" routeLength="690.89" waitingTime="183.00" waitingCount="3" stopTime="0.00" timeLoss="223.57" rerouteNo="0" devices="tripinfo_through_144" vType="norm" speedFactor="0.73" vaporized=""/>
    <tripinfo id="through_149" depart="154.00" departLane="393645138_0" departPos="4.30" departSpeed="0.00" departDelay="31.00" arrival="419.00" arrivalLane="393645137_1" arrivalPos="291.20" arrivalSpeed="15.23" duration="265.00" routeLength="691.49" waitingTime="175.00" waitingCount="3" stopTime="0.00" timeLoss="222.07" rerouteNo="0" devices="tripinfo_through_149" vType="fast" speedFactor="1.04" vaporized=""/>
    <tripinfo id="through_155" depart="160.00" departLane="393645138_0" departPos="4.30" departSpeed="0.00" departDelay="31.00" arrival="419.00" arrivalLane="393645137_0" arrivalPos="291.20" arrivalSpeed="15.48" duration="259.00" routeLength="691.49" waitingTime="163.00" waitingCount="3" stopTime="0.00" timeLoss="215.71" rerouteNo="0" devices="tripinfo_through_155" vType="fast" speedFactor="1.12" vaporized=""/>
    <tripinfo id="right_158" depart="162.00" departLane="393645138_0" departPos="4.30" departSpeed="0.00" departDelay="29.00" arrival="420.00" arrivalLane="-393627613_0" arrivalPos="300.35" arrivalSpeed="14.76" duration="258.00" routeLength="648.63" waitingTime="161.00" waitingCount="3" stopTime="0.00" timeLoss="217.09" rerouteNo="0" devices="tripinfo_right_158" vType="fast" speedFactor="0.91" vaporized=""/>
    <tripinfo id="through_150" depart="157.00" departLane="393645138_0" departPos="4.30" departSpeed="0.00" departDelay="30.00" arrival="421.00" arrivalLane="393645137_1" arrivalPos="291.20" arrivalSpeed="15.55" duration="264.00" routeLength="691.49" waitingTime="175.00" waitingCount="3" stopTime="0.00" timeLoss="220.78" rerouteNo="0" devices="tripinfo_through_150" vType="fast" speedFactor="0.96" vaporized=""/>
    <tripinfo id="right_176" depart="180.00" departLane="393645138_0" departPos="4.30" departSpeed="0.00" departDelay="23.00" arrival="422.00" arrivalLane="-393627613_0" arrivalPos="300.35" arrivalSpeed="14.79" duration="242.00" routeLength="648.63" waitingTime="148.00" waitingCount="3" stopTime="0.00" timeLoss="201.78" rerouteNo="0" devices="tripinfo_right_176" vType="fast" speedFactor="1.09" vaporized=""/>
    <tripinfo id="through_161" depart="167.00" departLane="393645138_0" departPos="4.30" departSpeed="0.00" departDelay="30.00" arrival="422.00" arrivalLane="393645137_0" arrivalPos="291.20" arrivalSpeed="15.44" duration="255.00" routeLength="691.49" waitingTime="156.00" waitingCount="3" stopTime="0.00" timeLoss="212.31" rerouteNo="0" devices="tripinfo_through_161" vType="fast" speedFactor="1.08" vaporized=""/>
    <tripinfo id="through_172" depart="175.00" departLane="393645138_0" departPos="5.60" departSpeed="0.00" departDelay="24.00" arrival="425.00" arrivalLane="393645137_0" arrivalPos="291.20" arrivalSpeed="14.21" duration="250.00" routeLength="690.19" waitingTime="153.00" waitingCount="3" stopTime="0.00" timeLoss="203.80" rerouteNo="0" devices="tripinfo_through_172" vType="slow" speedFactor="0.89" vaporized=""/>
    <tripinfo id="right_179" depart="185.00" departLane="393645138_0" departPos="4.30" departSpeed="0.00" departDelay="26.00" arrival="426.00" arrivalLane="-393627613_0" arrivalPos="300.35" arrivalSpeed="15.57" duration="241.00" routeLength="648.63" waitingTime="141.00" waitingCount="3" stopTime="0.00" timeLoss="200.34" rerouteNo="0" devices="tripinfo_right_179" vType="fast" speedFactor="1.06" vaporized=""/>
    <tripinfo id="left_97" depart="81.00" departLane="393627613_0" departPos="4.30" departSpeed="0.00" departDelay="2.00" arrival="427.00" arrivalLane="-393645138_0" arrivalPos="300.77" arrivalSpeed="15.15" duration="346.00" routeLength="659.29" waitingTime="294.00" waitingCount="1" stopTime="0.00" timeLoss="305.19" rerouteNo="0" devices="tripinfo_left_97" vType="fast" speedFactor="0.91" vaporized=""/>
    <tripinfo id="left_99" depart="87.00" departLane="393627613_0" departPos="4.30" departSpeed="0.00" departDelay="5.00" arrival="429.00" arrivalLane="-393645138_0" arrivalPos="300.77" arrivalSpeed="15.30" duration="342.00" routeLength="659.29" waitingTime="290.00" waitingCount="1" stopTime="0.00" timeLoss="301.12" rerouteNo="0" devices="tripinfo_left_99" vType="fast" speedFactor="1.10" vaporized=""/>
    <tripinfo id="left_160" depart="165.00" departLane="393645138_0" departPos="4.90" departSpeed="0.00" departDelay="30.00" arrival="485.00" arrivalLane="393625777_1" arrivalPos="296.14" arrivalSpeed="14.84" duration="320.00" routeLength="656.46" waitingTime="230.00" waitingCount="4" stopTime="0.00" timeLoss="277.82" rerouteNo="0" devices="tripinfo_left_160" vType="norm" speedFactor="0.88" vaporized=""/>
    <tripinfo id="through_183" depart="192.00" departLane="393645138_0" departPos="4.30" departSpeed="0.00" departDelay="28.00" arrival="486.00" arrivalLane="393645137_0" arrivalPos="291.20" arrivalSpeed="15.78" duration="294.00" routeLength="691.49" waitingTime="190.00" waitingCount="4" stopTime="0.00" timeLoss="251.30" rerouteNo="0" devices="tripinfo_through_183" vType="fast" speedFactor="1.08" vaporized=""/>
    <tripinfo id="through_171" depart="172.00" departLane="393645138_0" departPos="4.30" departSpeed="0.00" departDelay="23.00" arrival="487.00" arrivalLane="393645137_0" arrivalPos="291.20" arrivalSpeed="14.84" duration="315.00" routeLength="691.49" waitingTime="220.00" waitingCount="4" stopTime="0.00" timeLoss="271.54" rerouteNo="0" devices="tripinfo_through_171" vType="fast" speedFactor="0.90" vaporized=""/>
    <tripinfo id="left_170" depart="169.00" departLane="393645138_0" departPos="5.60" departSpeed="0.00" departDelay="23.00" arrival="488.00" arrivalLane="393625777_1" arrivalPos="296.14" arrivalSpeed="14.73" duration="319.00" routeLength="655.76" waitingTime="223.00" waitingCount="4" stopTime="0.00" timeLoss="275.03" rerouteNo="0" devices="tripinfo_left_170" vType="slow" speedFactor="1.09" vaporized=""/>
    <tripinfo id="through_175" depart="178.00" departLane="393645138_0" departPos="4.90" departSpeed="0.00" departDelay="23.00" arrival="489.00" arrivalLane="393645137_1" arrivalPos="291.20" arrivalSpeed="14.18" duration="311.00" routeLength="690.89" waitingTime="215.00" waitingCount="4" stopTime="0.00" timeLoss="266.65" rerouteNo="0" devices="tripinfo_through_175" vType="norm" speedFactor="0.92" vaporized=""/>
    <tripinfo id="through_185" depart="194.00" departLane="393645138_0" departPos="4.90" departSpeed="0.00" departDelay="29.00" arrival="490.00" arrivalLane="393645137_0" arrivalPos="291.20" arrivalSpeed="15.18" duration="296.00" routeLength="690.89" waitingTime="186.00" waitingCount="4" stopTime="0.00" timeLoss="250.76" rerouteNo="0" devices="tripinfo_through_185" vType="norm" speedFactor="0.92" vaporized=""/>
    <tripinfo id="left_182" depart="190.00" departLane="393645138_0" departPos="4.30" departSpeed="0.00" departDelay="26.00" arrival="490.00" arrivalLane="393625777_1" arrivalPos="296.14" arrivalSpeed="15.21" duration="300.00" routeLength="657.06" waitingTime="201.00" waitingCount="5" stopTime="0.00" timeLoss="259.00" rerouteNo="0" devices="tripinfo_left_182" vType="fast" speedFactor="1.03" vaporized=""/>
    <tripinfo id="through_178" depart="182.00" departLane="393645138_0" departPos="4.30" departSpeed="0.00" departDelay="23.00" arrival="491.00" arrivalLane="393645137_1" arrivalPos="291.20" arrivalSpeed="14.49" duration="309.00" routeLength="691.49" waitingTime="209.00" waitingCount="4" stopTime="0.00" timeLoss="266.16" rerouteNo="0" devices="tripinfo_through_178" vType="fast" speedFactor="1.08" vaporized=""/>
    <tripinfo id="through_181" depart="188.00" departLane="393645138_0" departPos="4.90" departSpeed="0.00" departDelay="28.00" arrival="493.00" arrivalLane="393645137_1" arrivalPos="291.20" arrivalSpeed="14.36" duration="305.00" routeLength="690.89" waitingTime="205.00" waitingCount="5" stopTime="0.00" timeLoss="260.36" rerouteNo="0" devices="tripinfo_through_181" vType="norm" speedFactor="1.03" vaporized=""/>
    <tripinfo id="through_191" depart="199.00" departLane="393645138_0" departPos="5.60" departSpeed="0.00" departDelay="28.00" arrival="493.00" arrivalLane="393645137_0" arrivalPos="291.20" arrivalSpeed="14.63" duration="294.00" routeLength="690.19" waitingTime="180.00" waitingCount="4" stopTime="0.00" timeLoss="247.12" rerouteNo="0" devices="tripinfo_through_191" vType="slow" speedFactor="0.93" vaporized=""/>
    <tripinfo id="through_193" depart="202.00" departLane="393645138_0" departPos="4.30" departSpeed="0.00" departDelay="30.00" arrival="494.00" arrivalLane="393645137_0" arrivalPos="291.20" arrivalSpeed="14.48" duration="292.00" routeLength="691.49" waitingTime="181.00" waitingCount="4" stopTime="0.00" timeLoss="249.24" rerouteNo="0" devices="tripinfo_through_193" vType="fast" speedFactor="1.07" vaporized=""/>
    <tripinfo id="through_190" depart="197.00" departLane="393645138_0" departPos="4.90" departSpeed="0.00" departDelay="27.00" arrival="495.00" arrivalLane="393645137_1" arrivalPos="291.20" arrivalSpeed="13.78" duration="298.00" routeLength="690.89" waitingTime="193.00" waitingCount="5" stopTime="0.00" timeLoss="253.27" rerouteNo="0" devices="tripinfo_through_190" vType="norm" speedFactor="0.90" vaporized=""/>
    <tripinfo id="left_153" depart="128.00" departLane="-393625777_0" departPos="4.30" departSpeed="0.00" departDelay="0.00" arrival="546.00" arrivalLane="393645137_0" arrivalPos="291.20" arrivalSpeed="14.81" duration="418.00" routeLength="645.54" waitingTime="369.00" waitingCount="1" stopTime="0.00" timeLoss="377.98" rerouteNo="0" devices="tripinfo_left_153" vType="fast" speedFactor="0.93" vaporized=""/>
</tripinfos>
